--
-- PostgreSQL database dump
--

-- Dumped from database version 14.1
-- Dumped by pg_dump version 14.1

SET statement_timeout = 0;
SET lock_timeout = 0;
SET idle_in_transaction_session_timeout = 0;
SET client_encoding = 'UTF8';
SET standard_conforming_strings = on;
SELECT pg_catalog.set_config('search_path', '', false);
SET check_function_bodies = false;
SET xmloption = content;
SET client_min_messages = warning;
SET row_security = off;

SET default_tablespace = '';

SET default_table_access_method = heap;

--
-- Name: tb_categoria; Type: TABLE; Schema: public; Owner: -
--

CREATE TABLE public.tb_categoria (
    id bigint NOT NULL,
    name character varying(255)
);


--
-- Name: tb_categoria_id_seq; Type: SEQUENCE; Schema: public; Owner: -
--

ALTER TABLE public.tb_categoria ALTER COLUMN id ADD GENERATED BY DEFAULT AS IDENTITY (
    SEQUENCE NAME public.tb_categoria_id_seq
    START WITH 1
    INCREMENT BY 1
    NO MINVALUE
    NO MAXVALUE
    CACHE 1
);


--
-- Name: tb_cidade; Type: TABLE; Schema: public; Owner: -
--

CREATE TABLE public.tb_cidade (
    id bigint NOT NULL,
    name character varying(255),
    estado_id bigint
);


--
-- Name: tb_cidade_id_seq; Type: SEQUENCE; Schema: public; Owner: -
--

ALTER TABLE public.tb_cidade ALTER COLUMN id ADD GENERATED BY DEFAULT AS IDENTITY (
    SEQUENCE NAME public.tb_cidade_id_seq
    START WITH 1
    INCREMENT BY 1
    NO MINVALUE
    NO MAXVALUE
    CACHE 1
);


--
-- Name: tb_cliente; Type: TABLE; Schema: public; Owner: -
--

CREATE TABLE public.tb_cliente (
    id bigint NOT NULL,
    cpf_ou_cnpj character varying(255),
    email character varying(255),
    name character varying(255),
    tipo_cliente integer
);


--
-- Name: tb_cliente_id_seq; Type: SEQUENCE; Schema: public; Owner: -
--

ALTER TABLE public.tb_cliente ALTER COLUMN id ADD GENERATED BY DEFAULT AS IDENTITY (
    SEQUENCE NAME public.tb_cliente_id_seq
    START WITH 1
    INCREMENT BY 1
    NO MINVALUE
    NO MAXVALUE
    CACHE 1
);


--
-- Name: tb_endereco; Type: TABLE; Schema: public; Owner: -
--

CREATE TABLE public.tb_endereco (
    id bigint NOT NULL,
    bairro character varying(255),
    cep character varying(255),
    complemento character varying(255),
    logradouro character varying(255),
    numero character varying(255),
    cidade_id bigint,
    cliente_id bigint
);


--
-- Name: tb_endereco_id_seq; Type: SEQUENCE; Schema: public; Owner: -
--

ALTER TABLE public.tb_endereco ALTER COLUMN id ADD GENERATED BY DEFAULT AS IDENTITY (
    SEQUENCE NAME public.tb_endereco_id_seq
    START WITH 1
    INCREMENT BY 1
    NO MINVALUE
    NO MAXVALUE
    CACHE 1
);


--
-- Name: tb_estado; Type: TABLE; Schema: public; Owner: -
--

CREATE TABLE public.tb_estado (
    id bigint NOT NULL,
    name character varying(255)
);


--
-- Name: tb_estado_id_seq; Type: SEQUENCE; Schema: public; Owner: -
--

ALTER TABLE public.tb_estado ALTER COLUMN id ADD GENERATED BY DEFAULT AS IDENTITY (
    SEQUENCE NAME public.tb_estado_id_seq
    START WITH 1
    INCREMENT BY 1
    NO MINVALUE
    NO MAXVALUE
    CACHE 1
);


--
-- Name: tb_item_pedido; Type: TABLE; Schema: public; Owner: -
--

CREATE TABLE public.tb_item_pedido (
    desconto double precision,
    preco double precision,
    quantidade integer,
    produto_id bigint NOT NULL,
    pedido_id bigint NOT NULL
);


--
-- Name: tb_pagamento; Type: TABLE; Schema: public; Owner: -
--

CREATE TABLE public.tb_pagamento (
    pedido_id bigint NOT NULL,
    estado integer
);


--
-- Name: tb_pagamento_boleto; Type: TABLE; Schema: public; Owner: -
--

CREATE TABLE public.tb_pagamento_boleto (
    data_pagamento timestamp without time zone,
    data_vencimento timestamp without time zone,
    pedido_id bigint NOT NULL
);


--
-- Name: tb_pagamento_cartao; Type: TABLE; Schema: public; Owner: -
--

CREATE TABLE public.tb_pagamento_cartao (
    numero_de_parcelas integer,
    pedido_id bigint NOT NULL
);


--
-- Name: tb_pedido; Type: TABLE; Schema: public; Owner: -
--

CREATE TABLE public.tb_pedido (
    id bigint NOT NULL,
    instante timestamp without time zone,
    cliente_id bigint,
    endereco_entrega bigint
);


--
-- Name: tb_pedido_id_seq; Type: SEQUENCE; Schema: public; Owner: -
--

ALTER TABLE public.tb_pedido ALTER COLUMN id ADD GENERATED BY DEFAULT AS IDENTITY (
    SEQUENCE NAME public.tb_pedido_id_seq
    START WITH 1
    INCREMENT BY 1
    NO MINVALUE
    NO MAXVALUE
    CACHE 1
);


--
-- Name: tb_produto; Type: TABLE; Schema: public; Owner: -
--

CREATE TABLE public.tb_produto (
    id bigint NOT NULL,
    name character varying(255),
    preco double precision
);


--
-- Name: tb_produto_categoria; Type: TABLE; Schema: public; Owner: -
--

CREATE TABLE public.tb_produto_categoria (
    produto_id bigint NOT NULL,
    categoria_id bigint NOT NULL
);


--
-- Name: tb_produto_id_seq; Type: SEQUENCE; Schema: public; Owner: -
--

ALTER TABLE public.tb_produto ALTER COLUMN id ADD GENERATED BY DEFAULT AS IDENTITY (
    SEQUENCE NAME public.tb_produto_id_seq
    START WITH 1
    INCREMENT BY 1
    NO MINVALUE
    NO MAXVALUE
    CACHE 1
);


--
-- Name: tb_telefone; Type: TABLE; Schema: public; Owner: -
--

CREATE TABLE public.tb_telefone (
    cliente_id bigint NOT NULL,
    telefones character varying(255)
);


--
-- Data for Name: tb_categoria; Type: TABLE DATA; Schema: public; Owner: -
--

COPY public.tb_categoria (id, name) FROM stdin;
1	Informática
2	Escritório
3	Cama Mesa e banho
4	Eletrônico
5	Jardinagem
6	Decoração
7	Perfumaria
\.


--
-- Data for Name: tb_cidade; Type: TABLE DATA; Schema: public; Owner: -
--

COPY public.tb_cidade (id, name, estado_id) FROM stdin;
1	Sumaré	1
2	Paulinia	1
3	Uberlândia	2
\.


--
-- Data for Name: tb_cliente; Type: TABLE DATA; Schema: public; Owner: -
--

COPY public.tb_cliente (id, cpf_ou_cnpj, email, name, tipo_cliente) FROM stdin;
1	36754567	maria@gmail.com	Maria Silva	1
\.


--
-- Data for Name: tb_endereco; Type: TABLE DATA; Schema: public; Owner: -
--

COPY public.tb_endereco (id, bairro, cep, complemento, logradouro, numero, cidade_id, cliente_id) FROM stdin;
1	Jardim	32990276	Apto 303	Rua Flores	300	1	1
2	Centro	37890876	Sala 800	Rua Matos	105	2	1
\.


--
-- Data for Name: tb_estado; Type: TABLE DATA; Schema: public; Owner: -
--

COPY public.tb_estado (id, name) FROM stdin;
1	São Paulo
2	Minas Gerais
\.


--
-- Data for Name: tb_item_pedido; Type: TABLE DATA; Schema: public; Owner: -
--

COPY public.tb_item_pedido (desconto, preco, quantidade, produto_id, pedido_id) FROM stdin;
0	2000	1	1	1
0	80	2	3	1
100	800	1	2	2
\.


--
-- Data for Name: tb_pagamento; Type: TABLE DATA; Schema: public; Owner: -
--

COPY public.tb_pagamento (pedido_id, estado) FROM stdin;
1	2
2	1
\.


--
-- Data for Name: tb_pagamento_boleto; Type: TABLE DATA; Schema: public; Owner: -
--

COPY public.tb_pagamento_boleto (data_pagamento, data_vencimento, pedido_id) FROM stdin;
\N	2017-10-20 00:00:00	2
\.


--
-- Data for Name: tb_pagamento_cartao; Type: TABLE DATA; Schema: public; Owner: -
--

COPY public.tb_pagamento_cartao (numero_de_parcelas, pedido_id) FROM stdin;
6	1
\.


--
-- Data for Name: tb_pedido; Type: TABLE DATA; Schema: public; Owner: -
--

COPY public.tb_pedido (id, instante, cliente_id, endereco_entrega) FROM stdin;
1	2017-09-30 10:32:00	1	1
2	2017-10-10 19:35:00	1	2
\.


--
-- Data for Name: tb_produto; Type: TABLE DATA; Schema: public; Owner: -
--

COPY public.tb_produto (id, name, preco) FROM stdin;
1	Computador	2000
2	Impressora	800
3	Mouse	80
4	Mesa de escritório	300
5	Toalha	50
6	Colcha	200
7	TV true color	1200
8	Roçadeira	800
9	Abajour	100
10	Pendente	180
11	Shampoo	90
\.


--
-- Data for Name: tb_produto_categoria; Type: TABLE DATA; Schema: public; Owner: -
--

COPY public.tb_produto_categoria (produto_id, categoria_id) FROM stdin;
1	1
1	4
2	1
2	2
2	4
3	1
3	4
4	2
5	3
6	3
7	4
8	5
9	6
10	6
11	7
\.


--
-- Data for Name: tb_telefone; Type: TABLE DATA; Schema: public; Owner: -
--

COPY public.tb_telefone (cliente_id, telefones) FROM stdin;
1	3862789
1	89765432
\.


--
-- Name: tb_categoria_id_seq; Type: SEQUENCE SET; Schema: public; Owner: -
--

SELECT pg_catalog.setval('public.tb_categoria_id_seq', 7, true);


--
-- Name: tb_cidade_id_seq; Type: SEQUENCE SET; Schema: public; Owner: -
--

SELECT pg_catalog.setval('public.tb_cidade_id_seq', 3, true);


--
-- Name: tb_cliente_id_seq; Type: SEQUENCE SET; Schema: public; Owner: -
--

SELECT pg_catalog.setval('public.tb_cliente_id_seq', 1, true);


--
-- Name: tb_endereco_id_seq; Type: SEQUENCE SET; Schema: public; Owner: -
--

SELECT pg_catalog.setval('public.tb_endereco_id_seq', 2, true);


--
-- Name: tb_estado_id_seq; Type: SEQUENCE SET; Schema: public; Owner: -
--

SELECT pg_catalog.setval('public.tb_estado_id_seq', 2, true);


--
-- Name: tb_pedido_id_seq; Type: SEQUENCE SET; Schema: public; Owner: -
--

SELECT pg_catalog.setval('public.tb_pedido_id_seq', 2, true);


--
-- Name: tb_produto_id_seq; Type: SEQUENCE SET; Schema: public; Owner: -
--

SELECT pg_catalog.setval('public.tb_produto_id_seq', 11, true);


--
-- Name: tb_categoria tb_categoria_pkey; Type: CONSTRAINT; Schema: public; Owner: -
--

ALTER TABLE ONLY public.tb_categoria
    ADD CONSTRAINT tb_categoria_pkey PRIMARY KEY (id);


--
-- Name: tb_cidade tb_cidade_pkey; Type: CONSTRAINT; Schema: public; Owner: -
--

ALTER TABLE ONLY public.tb_cidade
    ADD CONSTRAINT tb_cidade_pkey PRIMARY KEY (id);


--
-- Name: tb_cliente tb_cliente_pkey; Type: CONSTRAINT; Schema: public; Owner: -
--

ALTER TABLE ONLY public.tb_cliente
    ADD CONSTRAINT tb_cliente_pkey PRIMARY KEY (id);


--
-- Name: tb_endereco tb_endereco_pkey; Type: CONSTRAINT; Schema: public; Owner: -
--

ALTER TABLE ONLY public.tb_endereco
    ADD CONSTRAINT tb_endereco_pkey PRIMARY KEY (id);


--
-- Name: tb_estado tb_estado_pkey; Type: CONSTRAINT; Schema: public; Owner: -
--

ALTER TABLE ONLY public.tb_estado
    ADD CONSTRAINT tb_estado_pkey PRIMARY KEY (id);


--
-- Name: tb_item_pedido tb_item_pedido_pkey; Type: CONSTRAINT; Schema: public; Owner: -
--

ALTER TABLE ONLY public.tb_item_pedido
    ADD CONSTRAINT tb_item_pedido_pkey PRIMARY KEY (pedido_id, produto_id);


--
-- Name: tb_pagamento_boleto tb_pagamento_boleto_pkey; Type: CONSTRAINT; Schema: public; Owner: -
--

ALTER TABLE ONLY public.tb_pagamento_boleto
    ADD CONSTRAINT tb_pagamento_boleto_pkey PRIMARY KEY (pedido_id);


--
-- Name: tb_pagamento_cartao tb_pagamento_cartao_pkey; Type: CONSTRAINT; Schema: public; Owner: -
--

ALTER TABLE ONLY public.tb_pagamento_cartao
    ADD CONSTRAINT tb_pagamento_cartao_pkey PRIMARY KEY (pedido_id);


--
-- Name: tb_pagamento tb_pagamento_pkey; Type: CONSTRAINT; Schema: public; Owner: -
--

ALTER TABLE ONLY public.tb_pagamento
    ADD CONSTRAINT tb_pagamento_pkey PRIMARY KEY (pedido_id);


--
-- Name: tb_pedido tb_pedido_pkey; Type: CONSTRAINT; Schema: public; Owner: -
--

ALTER TABLE ONLY public.tb_pedido
    ADD CONSTRAINT tb_pedido_pkey PRIMARY KEY (id);


--
-- Name: tb_produto tb_produto_pkey; Type: CONSTRAINT; Schema: public; Owner: -
--

ALTER TABLE ONLY public.tb_produto
    ADD CONSTRAINT tb_produto_pkey PRIMARY KEY (id);


--
-- Name: tb_cliente uk_ir2m70agseiyyajtaxq7wsw20; Type: CONSTRAINT; Schema: public; Owner: -
--

ALTER TABLE ONLY public.tb_cliente
    ADD CONSTRAINT uk_ir2m70agseiyyajtaxq7wsw20 UNIQUE (email);


--
-- Name: tb_produto_categoria fk3becm1bka4cpmorcubx1fxl02; Type: FK CONSTRAINT; Schema: public; Owner: -
--

ALTER TABLE ONLY public.tb_produto_categoria
    ADD CONSTRAINT fk3becm1bka4cpmorcubx1fxl02 FOREIGN KEY (categoria_id) REFERENCES public.tb_categoria(id);


--
-- Name: tb_item_pedido fk3qvnhpdyxagngbf1t326cvnse; Type: FK CONSTRAINT; Schema: public; Owner: -
--

ALTER TABLE ONLY public.tb_item_pedido
    ADD CONSTRAINT fk3qvnhpdyxagngbf1t326cvnse FOREIGN KEY (pedido_id) REFERENCES public.tb_pedido(id);


--
-- Name: tb_pagamento_cartao fk60pxg3xqim48dy397gry33t30; Type: FK CONSTRAINT; Schema: public; Owner: -
--

ALTER TABLE ONLY public.tb_pagamento_cartao
    ADD CONSTRAINT fk60pxg3xqim48dy397gry33t30 FOREIGN KEY (pedido_id) REFERENCES public.tb_pagamento(pedido_id);


--
-- Name: tb_produto_categoria fk98jyjls8tavr9o4wur6g9780c; Type: FK CONSTRAINT; Schema: public; Owner: -
--

ALTER TABLE ONLY public.tb_produto_categoria
    ADD CONSTRAINT fk98jyjls8tavr9o4wur6g9780c FOREIGN KEY (produto_id) REFERENCES public.tb_produto(id);


--
-- Name: tb_pedido fkajo6v90obpung9h40lcain479; Type: FK CONSTRAINT; Schema: public; Owner: -
--

ALTER TABLE ONLY public.tb_pedido
    ADD CONSTRAINT fkajo6v90obpung9h40lcain479 FOREIGN KEY (cliente_id) REFERENCES public.tb_cliente(id);


--
-- Name: tb_pagamento_boleto fkemoctuaowlk1gg2sknv9fmixb; Type: FK CONSTRAINT; Schema: public; Owner: -
--

ALTER TABLE ONLY public.tb_pagamento_boleto
    ADD CONSTRAINT fkemoctuaowlk1gg2sknv9fmixb FOREIGN KEY (pedido_id) REFERENCES public.tb_pagamento(pedido_id);


--
-- Name: tb_item_pedido fkgfmv77km3wt2evaaq2vkiv2oj; Type: FK CONSTRAINT; Schema: public; Owner: -
--

ALTER TABLE ONLY public.tb_item_pedido
    ADD CONSTRAINT fkgfmv77km3wt2evaaq2vkiv2oj FOREIGN KEY (produto_id) REFERENCES public.tb_produto(id);


--
-- Name: tb_pagamento fkjghfnncmma1w9wn5hnpq6nhx2; Type: FK CONSTRAINT; Schema: public; Owner: -
--

ALTER TABLE ONLY public.tb_pagamento
    ADD CONSTRAINT fkjghfnncmma1w9wn5hnpq6nhx2 FOREIGN KEY (pedido_id) REFERENCES public.tb_pedido(id);


--
-- Name: tb_cidade fklxge3ne91xrep1oe4cvrjldmm; Type: FK CONSTRAINT; Schema: public; Owner: -
--

ALTER TABLE ONLY public.tb_cidade
    ADD CONSTRAINT fklxge3ne91xrep1oe4cvrjldmm FOREIGN KEY (estado_id) REFERENCES public.tb_estado(id);


--
-- Name: tb_endereco fkotpdj815kf867dbkfbctglsjj; Type: FK CONSTRAINT; Schema: public; Owner: -
--

ALTER TABLE ONLY public.tb_endereco
    ADD CONSTRAINT fkotpdj815kf867dbkfbctglsjj FOREIGN KEY (cidade_id) REFERENCES public.tb_cidade(id);


--
-- Name: tb_pedido fkpmncsqq50oi5cnt5eptuj6cqu; Type: FK CONSTRAINT; Schema: public; Owner: -
--

ALTER TABLE ONLY public.tb_pedido
    ADD CONSTRAINT fkpmncsqq50oi5cnt5eptuj6cqu FOREIGN KEY (endereco_entrega) REFERENCES public.tb_endereco(id);


--
-- Name: tb_telefone fkpwjwudqbv75e49ux295dm87al; Type: FK CONSTRAINT; Schema: public; Owner: -
--

ALTER TABLE ONLY public.tb_telefone
    ADD CONSTRAINT fkpwjwudqbv75e49ux295dm87al FOREIGN KEY (cliente_id) REFERENCES public.tb_cliente(id);


--
-- Name: tb_endereco fktqe8u5ggrtf93dr80hiibdfd; Type: FK CONSTRAINT; Schema: public; Owner: -
--

ALTER TABLE ONLY public.tb_endereco
    ADD CONSTRAINT fktqe8u5ggrtf93dr80hiibdfd FOREIGN KEY (cliente_id) REFERENCES public.tb_cliente(id);


--
-- PostgreSQL database dump complete
--

